Workbook

Sheet Sheet1
A1: Column1 | B1: Title | C1: Composer | D1: Performer | E1: Time
A2: 1 | B2: I'm the Shit | C2: Sexyy Red, Mac Fly | D2: Sexyy Red | E2: 0.10486111
A3: 2 | B3: SkeeYee | C3: Sexyy Red, Tay Keith, DJ Meech, BanBwoi | D3: Sexyy Red | E3: 0.10902778
A4: 3 | B4: HellCats SRTs | C4: Sexyy Red, Shawn Ferrari | D4: Sexyy Red | E4: 0.10625
A5: 4 | B5: Pound Town 2 | C5: Sexyy Red, Nicki Minaj, Tay Keith | D5: Sexyy Red feat. Nicki Minaj, Tay Keith | E5: 0.13472222
A6: 5 | B6: Looking for the Hoes (Ain't My Fault) | C6: Sexyy Red, Craig B, Joseph Smokey Johnson, Silkk the Shocker, Wardell Quezergue, Don Alfonso, Menace, Melz, Truebeatzz | D6: Sexyy Red | E6: 0.090277778
A7: 6 | B7: Sexxy Walk | C7: Sexyy Red, Juicy J, DJ Paul | D7: Sexyy Red | E7: 0.10625
A8: 7 | B8: Strictly for Strippers | C8: Sexyy Red, Juicy J, ATL Jacob, Omar Guetfa | D8: Sexyy Red feat. Juicy J, ATL Jacob | E8: 0.16805556
A9: 8 | B9: Nachos | C9: Sexyy Red, OKAZAKI, NOAHINHISBAG | D9: Sexyy Red | E9: 0.11805556
A10: 9 | B10: Mad at Me | C10: Sexyy Red, Tay Keith, TheRechordz, Jupyter, Dizzycleanface, Antoine Edwards, Christopher Lee, Juan Madrid, Ayatullah Muhammad, ELON BROWN | D10: Sexyy Red | E10: 0.11041667
A11: 10 | B11: Born by the River | C11: Sukihana, Sexyy Red, Captain Curt | D11: Sexyy Red feat. Sukihara | E11: 0.10763889
A12: 11 | B12: Female Gucci Mane | C12: Shawn Ferrari, Sexyy Red, ToddGleeFul | D12: Sexyy Red | E12: 0.10347222

Sheet Sheet2
D2: {=MAX(LENB(Sheet1!B1:'Sheet1'!B30))} -> 37 | F2: {=MAX(LENB(Sheet1!C1:'Sheet1'!C30))} -> 137 | H2: {=MAX(LENB(Sheet1!D1:'Sheet1'!D30))} -> 38 | J2: =7 -> 7
A3: | | B3: =" "&"No."&" " -> No. | C3: | | D3: =" "&LEFTB("Title"&REPT(" ",$D$2),$D$2) -> Title | E3: | | F3: =" "&LEFTB("Composers"&REPT(" ",$F$2-1),$F$2-1) -> Composers | G3: | | H3: =" "&LEFTB("Performer"&REPT(" ",$H$2),$H$2) -> Performer | I3: | | J3: =" "&"Time" -> Time | K3: |
A4: | | B4: --- | C4: | | D4: =REPT("-",$D$2)&" " -> ------------------------------------- | E4: | | F4: =" "&REPT("-",$F$2)&" " -> ----------------------------------------------------------------------------------------------------------------------------------------- | G4: | | H4: =" "&REPT("-",$H$2)&" " -> -------------------------------------- | I4: | | J4: ----- | K4: |
A5: | | B5: =Sheet1!A2 -> 1 | C5: | | D5: =LEFTB(Sheet1!B2&REPT(" ",$D$2),$D$2) -> I'm the Shit | E5: | | F5: =" "&LEFTB(Sheet1!C2&REPT(" ",$F$2),$F$2) -> Sexyy Red, Mac Fly | G5: | | H5: =LEFTB(Sheet1!D2&REPT(" ",$H$2),$H$2) -> Sexyy Red | I5: | | J5: =TEXT(Sheet1!E2,"HH:MM")&" " -> 02:31 | K5: |
A6: | | B6: =Sheet1!A3 -> 2 | C6: | | D6: =LEFTB(Sheet1!B3&REPT(" ",$D$2),$D$2) -> SkeeYee | E6: | | F6: =" "&LEFTB(Sheet1!C3&REPT(" ",$F$2),$F$2) -> Sexyy Red, Tay Keith, DJ Meech, BanBwoi | G6: | | H6: =LEFTB(Sheet1!D3&REPT(" ",$H$2),$H$2) -> Sexyy Red | I6: | | J6: =TEXT(Sheet1!E3,"HH:MM")&" " -> 02:37 | K6: |
A7: | | B7: =Sheet1!A4 -> 3 | C7: | | D7: =LEFTB(Sheet1!B4&REPT(" ",$D$2),$D$2) -> HellCats SRTs | E7: | | F7: =" "&LEFTB(Sheet1!C4&REPT(" ",$F$2),$F$2) -> Sexyy Red, Shawn Ferrari | G7: | | H7: =LEFTB(Sheet1!D4&REPT(" ",$H$2),$H$2) -> Sexyy Red | I7: | | J7: =TEXT(Sheet1!E4,"HH:MM")&" " -> 02:33 | K7: |
A8: | | B8: =Sheet1!A5 -> 4 | C8: | | D8: =LEFTB(Sheet1!B5&REPT(" ",$D$2),$D$2) -> Pound Town 2 | E8: | | F8: =" "&LEFTB(Sheet1!C5&REPT(" ",$F$2),$F$2) -> Sexyy Red, Nicki Minaj, Tay Keith | G8: | | H8: =LEFTB(Sheet1!D5&REPT(" ",$H$2),$H$2) -> Sexyy Red feat. Nicki Minaj, Tay Keith | I8: | | J8: =TEXT(Sheet1!E5,"HH:MM")&" " -> 03:14 | K8: |
A9: | | B9: =Sheet1!A6 -> 5 | C9: | | D9: =LEFTB(Sheet1!B6&REPT(" ",$D$2),$D$2) -> Looking for the Hoes (Ain't My Fault) | E9: | | F9: =" "&LEFTB(Sheet1!C6&REPT(" ",$F$2),$F$2) -> Sexyy Red, Craig B, Joseph Smokey Johnson, Silkk the Shocker, Wardell Quezergue, Don Alfonso, Menace, Melz, Truebeatzz | G9: | | H9: =LEFTB(Sheet1!D6&REPT(" ",$H$2),$H$2) -> Sexyy Red | I9: | | J9: =TEXT(Sheet1!E6,"HH:MM")&" " -> 02:10 | K9: |
A10: | | B10: =Sheet1!A7 -> 6 | C10: | | D10: =LEFTB(Sheet1!B7&REPT(" ",$D$2),$D$2) -> Sexxy Walk | E10: | | F10: =" "&LEFTB(Sheet1!C7&REPT(" ",$F$2),$F$2) -> Sexyy Red, Juicy J, DJ Paul | G10: | | H10: =LEFTB(Sheet1!D7&REPT(" ",$H$2),$H$2) -> Sexyy Red | I10: | | J10: =TEXT(Sheet1!E7,"HH:MM")&" " -> 02:33 | K10: |
A11: | | B11: =Sheet1!A8 -> 7 | C11: | | D11: =LEFTB(Sheet1!B8&REPT(" ",$D$2),$D$2) -> Strictly for Strippers | E11: | | F11: =" "&LEFTB(Sheet1!C8&REPT(" ",$F$2),$F$2) -> Sexyy Red, Juicy J, ATL Jacob, Omar Guetfa | G11: | | H11: =LEFTB(Sheet1!D8&REPT(" ",$H$2),$H$2) -> Sexyy Red feat. Juicy J, ATL Jacob | I11: | | J11: =TEXT(Sheet1!E8,"HH:MM")&" " -> 04:02 | K11: |
A12: | | B12: =Sheet1!A9 -> 8 | C12: | | D12: =LEFTB(Sheet1!B9&REPT(" ",$D$2),$D$2) -> Nachos | E12: | | F12: =" "&LEFTB(Sheet1!C9&REPT(" ",$F$2),$F$2) -> Sexyy Red, OKAZAKI, NOAHINHISBAG | G12: | | H12: =LEFTB(Sheet1!D9&REPT(" ",$H$2),$H$2) -> Sexyy Red | I12: | | J12: =TEXT(Sheet1!E9,"HH:MM")&" " -> 02:50 | K12: |
A13: | | B13: =Sheet1!A10 -> 9 | C13: | | D13: =LEFTB(Sheet1!B10&REPT(" ",$D$2),$D$2) -> Mad at Me | E13: | | F13: =" "&LEFTB(Sheet1!C10&REPT(" ",$F$2),$F$2) -> Sexyy Red, Tay Keith, TheRechordz, Jupyter, Dizzycleanface, Antoine Edwards, Christopher Lee, Juan Madrid, Ayatullah Muhammad, ELON BROWN | G13: | | H13: =LEFTB(Sheet1!D10&REPT(" ",$H$2),$H$2) -> Sexyy Red | I13: | | J13: =TEXT(Sheet1!E10,"HH:MM")&" " -> 02:39 | K13: |
A14: | | B14: =Sheet1!A11 -> 10 | C14: | | D14: =LEFTB(Sheet1!B11&REPT(" ",$D$2),$D$2) -> Born by the River | E14: | | F14: =" "&LEFTB(Sheet1!C11&REPT(" ",$F$2),$F$2) -> Sukihana, Sexyy Red, Captain Curt | G14: | | H14: =LEFTB(Sheet1!D11&REPT(" ",$H$2),$H$2) -> Sexyy Red feat. Sukihara | I14: | | J14: =TEXT(Sheet1!E11,"HH:MM")&" " -> 02:35 | K14: |
A15: | | B15: =Sheet1!A12 -> 11 | C15: | | D15: =LEFTB(Sheet1!B12&REPT(" ",$D$2),$D$2) -> Female Gucci Mane | E15: | | F15: =" "&LEFTB(Sheet1!C12&REPT(" ",$F$2),$F$2) -> Shawn Ferrari, Sexyy Red, ToddGleeFul | G15: | | H15: =LEFTB(Sheet1!D12&REPT(" ",$H$2),$H$2) -> Sexyy Red | I15: | | J15: =TEXT(Sheet1!E12,"HH:MM")&" " -> 02:29 | K15: |
A16: | | B16: =Sheet1!A13 -> 0 | C16: | | D16: =LEFTB(Sheet1!B13&REPT(" ",$D$2),$D$2) | E16: | | F16: =" "&LEFTB(Sheet1!C13&REPT(" ",$F$2),$F$2) | G16: | | H16: =LEFTB(Sheet1!D13&REPT(" ",$H$2),$H$2) | I16: | | J16: =TEXT(Sheet1!E13,"HH:MM")&" " -> 00:00 | K16: |
... A30: | | B30: =Sheet1!A27 -> 0 | C30: | | D30: =LEFTB(Sheet1!B27&REPT(" ",$D$2),$D$2) | E30: | | F30: =" "&LEFTB(Sheet1!C27&REPT(" ",$F$2),$F$2) | G30: | | H30: =LEFTB(Sheet1!D27&REPT(" ",$H$2),$H$2) | I30: | | J30: =TEXT(Sheet1!E27,"HH:MM")&" " -> 00:00 | K30: |

Sheet Table 3 (69)
A1: Column1 | B1: Title | C1: Composer | D1: Performer | E1: Time
A2: 1 | B2: I'm the Shit | C2: Sexyy Red, Mac Fly | D2: Sexyy Red | E2: 0.10486111
A3: 2 | B3: SkeeYee | C3: Sexyy Red, Tay Keith, DJ Meech, BanBwoi | D3: Sexyy Red | E3: 0.10902778
A4: 3 | B4: HellCats SRTs | C4: Sexyy Red, Shawn Ferrari | D4: Sexyy Red | E4: 0.10625
A5: 4 | B5: Pound Town 2 | C5: Sexyy Red, Nicki Minaj, Tay Keith | D5: Sexyy Red feat. Nicki Minaj, Tay Keith | E5: 0.13472222
A6: 5 | B6: Looking for the Hoes (Ain't My Fault) | C6: Sexyy Red, Craig B, Joseph Smokey Johnson, Silkk the Shocker, Wardell Quezergue, Don Alfonso, Menace, Melz, Truebeatzz | D6: Sexyy Red | E6: 0.090277778
A7: 6 | B7: Sexxy Walk | C7: Sexyy Red, Juicy J, DJ Paul | D7: Sexyy Red | E7: 0.10625
A8: 7 | B8: Strictly for Strippers | C8: Sexyy Red, Juicy J, ATL Jacob, Omar Guetfa | D8: Sexyy Red feat. Juicy J, ATL Jacob | E8: 0.16805556
A9: 8 | B9: Nachos | C9: Sexyy Red, OKAZAKI, NOAHINHISBAG | D9: Sexyy Red | E9: 0.11805556
A10: 9 | B10: Mad at Me | C10: Sexyy Red, Tay Keith, TheRechordz, Jupyter, Dizzycleanface, Antoine Edwards, Christopher Lee, Juan Madrid, Ayatullah Muhammad, ELON BROWN | D10: Sexyy Red | E10: 0.11041667
A11: 10 | B11: Born by the River | C11: Sukihana, Sexyy Red, Captain Curt | D11: Sexyy Red feat. Sukihara | E11: 0.10763889
A12: 11 | B12: Female Gucci Mane | C12: Shawn Ferrari, Sexyy Red, ToddGleeFul | D12: Sexyy Red | E12: 0.10347222

Sheet Table 3 (67)

Sheet Table 3 (65)

Sheet Table 3 (63)
